Outlet,Topic,Date,URL,Notes
TechCrunch,AI Innovation,2024-01-15,https://techcrunch.com/example,"Featured our new AI chatbot technology breakthrough"
Wired Magazine,Machine Learning,2024-01-10,https://wired.com/example,"In-depth article about our ML algorithms and their impact"
Forbes,Business Strategy,2024-01-05,https://forbes.com/example,"CEO interview discussing company growth and future plans"
VentureBeat,Startup Funding,2023-12-20,https://venturebeat.com/example,"Coverage of our Series B funding round announcement"
The Verge,Product Launch,2023-12-15,https://theverge.com/example,"Review of our latest product release and market response"
MIT Technology Review,Research,2023-12-01,https://technologyreview.com/example,"Academic piece on our published research in AI ethics"
BBC Technology,Industry Trends,2023-11-25,https://bbc.com/technology/example,"Quoted as industry expert on future of conversational AI"
Reuters,Company News,2023-11-20,https://reuters.com/example,"Press release coverage of our partnership announcement"
TechRadar,Product Review,2023-11-15,https://techradar.com/example,"Comprehensive review of our chatbot platform features"
Ars Technica,Technical Analysis,2023-11-10,https://arstechnica.com/example,"Deep dive into our technical architecture and innovations"
